"","geneid","snpid","distance","pvalue","slope"
"392","ENSG00000162627.12","1_99139577_G_C_b37",12341,5.31507e-10,-1.05182
"389","ENSG00000162627.12","1_99127205_A_G_b37",-31,1.13854e-09,-1.09811
"390","ENSG00000162627.12","1_99137509_G_A_b37",10273,1.33722e-09,-1.03131
"391","ENSG00000162627.12","1_99137697_C_T_b37",10461,1.33722e-09,-1.03131
"396","ENSG00000162627.12","1_99141082_C_T_b37",13846,1.36743e-09,-1.03073
"398","ENSG00000162627.12","1_99144463_A_G_b37",17227,1.3864e-09,-1.03027
"399","ENSG00000162627.12","1_99145623_G_A_b37",18387,1.3991e-09,-1.02997
"400","ENSG00000162627.12","1_99146269_A_G_b37",19033,1.41172e-09,-1.02965
"402","ENSG00000162627.12","1_99149049_T_A_b37",21813,1.41265e-09,-1.02956
"403","ENSG00000162627.12","1_99150635_G_A_b37",23399,2.62008e-09,-1.00369
"405","ENSG00000162627.12","1_99152541_T_C_b37",25305,2.76463e-09,-1.00365
"407","ENSG00000162627.12","1_99153020_T_G_b37",25784,3.07474e-09,-1.00293
"408","ENSG00000162627.12","1_99154184_G_A_b37",26948,4.36352e-09,-0.997668
"418","ENSG00000162627.12","1_99170631_A_G_b37",43395,5.20887e-09,-0.934728
"416","ENSG00000162627.12","1_99169289_G_T_b37",42053,5.22448e-09,-0.934931
"410","ENSG00000162627.12","1_99160120_C_T_b37",32884,6.32873e-09,-0.989813
"409","ENSG00000162627.12","1_99154319_C_T_b37",27083,6.63467e-09,-0.993089
"412","ENSG00000162627.12","1_99164936_T_C_b37",37700,1.11209e-08,-0.975618
"231","ENSG00000021852.8","1_57439939_G_T_b37",8126,1.32506e-08,0.998377
"234","ENSG00000021852.8","1_57440335_G_A_b37",8522,1.32506e-08,0.998377
"413","ENSG00000162627.12","1_99166681_A_G_b37",39445,1.68265e-08,-0.964014
"411","ENSG00000162627.12","1_99160354_G_C_b37",33118,2.0632e-08,-0.97388
"674","ENSG00000213088.5","1_159288373_A_G_b37",115269,3.92728e-08,-0.901231
"433","ENSG00000116299.12","1_109727422_A_G_b37",70942,4.8832e-08,-1.21933
"414","ENSG00000162627.12","1_99166700_G_T_b37",39464,6.18482e-08,-1.01923
"732","ENSG00000236278.2","1_197937674_G_A_b37",-711488,7.82488e-08,-0.941222
"286","ENSG00000021852.8","1_57449235_T_C_b37",17422,8.76544e-08,0.986792
"294","ENSG00000021852.8","1_57450112_G_A_b37",18299,9.07216e-08,0.978319
"293","ENSG00000021852.8","1_57449975_A_T_b37",18162,9.37285e-08,0.974287
"237","ENSG00000021852.8","1_57441363_A_G_b37",9550,9.56843e-08,0.965282
"247","ENSG00000021852.8","1_57443712_T_C_b37",11899,9.56843e-08,0.965282
