"","geneid","snpid","distance","pvalue","slope"
"403","ENSG00000240356.2","2_114844907_C_T_b37",460240,4.6853e-08,1.06416
"400","ENSG00000240356.2","2_114837822_C_T_b37",453155,5.02055e-08,1.06173
"398","ENSG00000240356.2","2_114835630_G_A_b37",450963,8.43903e-08,1.07021
"70","ENSG00000233870.1","2_71303905_T_C_b37",-101812,8.98837e-08,2.32007
