"","geneid","snpid","distance","pvalue","slope"
"47","ENSG00000259659.1","15_45714320_G_T_b37",864293,1.73154e-08,-1.00516
"48","ENSG00000259659.1","15_45715797_A_G_b37",865770,3.38434e-08,-1.00341
"49","ENSG00000259659.1","15_45716422_C_T_b37",866395,3.43565e-08,-1.00494
"135","ENSG00000166831.4","15_65087237_T_C_b37",19451,4.43977e-08,-1.3275
"52","ENSG00000259659.1","15_45718299_C_T_b37",868272,5.16066e-08,-1.05297
"51","ENSG00000259659.1","15_45717467_C_T_b37",867440,8.51874e-08,-1.01236
