"","geneid","snpid","distance","pvalue","slope"
"207","ENSG00000254649.1","11_77788727_G_C_b37",-310380,6.74855e-09,-1.1281
"329","ENSG00000151498.7","11_134122461_C_T_b37",-928,9.29422e-08,1.06515
