"","geneid","snpid","distance","pvalue","slope"
"195","ENSG00000166321.9","10_74919854_A_G_b37",49637,6.23825e-09,-0.919642
"147","ENSG00000166321.9","10_74886598_C_G_b37",16381,2.12217e-08,-0.913123
"224","ENSG00000166321.9","10_74936522_T_C_b37",66305,6.92401e-08,-0.871295
