"","geneid","snpid","distance","pvalue","slope"
"221","ENSG00000246228.2","8_128458238_C_G_b37",-36146,2.53515e-08,1.43988
"213","ENSG00000246228.2","8_128446384_C_T_b37",-48000,4.3914e-08,1.03345
"121","ENSG00000246089.3","8_6280710_TC_T_b37",16047,6.36708e-08,-1.01797
