"","geneid","snpid","distance","pvalue","slope"
"17","ENSG00000197506.6","9_86982904_C_T_b37",27232,9.66827e-09,-0.957518
"16","ENSG00000197506.6","9_86982823_C_T_b37",27151,1.85868e-08,-0.886085
"18","ENSG00000197506.6","9_86983368_T_G_b37",27696,3.39583e-08,-0.873233
"12","ENSG00000197506.6","9_86971246_C_T_b37",15574,4.90354e-08,-0.923151
