"","geneid","snpid","distance","pvalue","slope"
"331","ENSG00000184164.10","22_50254269_GAC_G_b37",-57546,1.35498e-08,1.26938
"332","ENSG00000184164.10","22_50254909_C_T_b37",-56906,2.63648e-08,1.27882
"334","ENSG00000184164.10","22_50257241_C_G_b37",-54574,3.36487e-08,1.2721
"333","ENSG00000184164.10","22_50255711_G_A_b37",-56104,3.37259e-08,1.27213
"341","ENSG00000184164.10","22_50286669_C_G_b37",-25146,4.13564e-08,1.25712
"338","ENSG00000184164.10","22_50273073_C_T_b37",-38742,4.14494e-08,1.25713
"337","ENSG00000184164.10","22_50271839_G_T_b37",-39976,4.16382e-08,1.25715
"335","ENSG00000184164.10","22_50261591_T_G_b37",-50224,4.16811e-08,1.25716
"343","ENSG00000184164.10","22_50306079_C_T_b37",-5736,6.082e-08,1.25505
"342","ENSG00000184164.10","22_50305113_C_T_b37",-6702,7.31657e-08,1.2446
"346","ENSG00000184164.10","22_50307315_C_T_b37",-4500,7.31657e-08,1.2446
