"","geneid","snpid","distance","pvalue","slope"
"132","ENSG00000164344.11","4_187112629_G_C_b37",-34963,5.70385e-08,-1.04429
"7","ENSG00000178222.8","4_1506549_C_G_b37",399199,6.40129e-08,2.2317
"8","ENSG00000178222.8","4_1506550_C_G_b37",399200,6.40129e-08,2.2317
"9","ENSG00000178222.8","4_1506886_C_T_b37",399536,6.40129e-08,2.2317
"6","ENSG00000178222.8","4_1506398_A_G_b37",399048,6.45577e-08,2.23379
"5","ENSG00000178222.8","4_1503926_C_G_b37",396576,9.75113e-08,2.21416
